Basilornis_celebensis_KU130319
Basilornis_miranda_KU113357
Gracula_religiosa_KU128294
Mino_krefti_MSB277187
Rhabdornis_mystacalis_KU119811
Sarcops_calvus_KU132009
Scissirostrum_dubium_UWBM90366
A_brunneicapillus_UWBM60250
A_cantoroides_AMNH19853
A_cantoroides_AMNH291
A_cinerascens_UWBM42817
A_cinerascens_UWBM42818
A_dichroa_MSB277311
A_dichroa_MSB277263
A_grandis_grandis_UWBM58688
A_grandis_grandis_UWBM63062
A_grandis_grandis_UWBM63249
A_grandis_macrura_UWBM60254
A_grandis_malaitae_KU131765
A_insularis_MSB279880
A_insularis_MSB280226
A_metallica_metallica_KU97869
A_metallica_metallica_ANWCB34120
A_metallica_metallica_ANWCB53525
A_metallica_nitida_MSB277357
A_metallica_nitida_MSB277078
A_metallica_nitida_MSB277027
A_minor_todayensis_FMNH357661
A_minor_todayensis_FMNH357662
A_opaca_guami_UWBM85107
A_opaca_orii_KU117206
A_opaca_orii_KU117213
A_panayensis_panayensis_KU121758
A_panayensis_panayensis_KU122278
A_panayensis_strigata_UWBM117150
A_panayensis_strigata_UWBM117180
A_tabuensis_vitiensis_KU132550
A_brunneicapillus_UWBM60249
A_grandis_macrura_UWBM62034
A_tabuensis_tabuensis_KU119026
A_tabuensis_tabuensis_KU119037
Ampeliceps_coronatus_AMNH10030
A_panayensis_eustathis_ANSP16163
A_tabuensis_vitiensis_KU117479
A_atrifusca_KU_104055
A_atrifusca_KU_104060
A_crassa_AMNH_667745
A_crassa_AMNH_667749
A_feadensis_feadensis_MCZ_274515
A_feadensis_heureka_MVZ_90281
A_feadensis_heureka_MVZ_90283
A_fusca_fusca_AMNH_213178
A_fusca_fusca_AMNH_667980
A_fusca_hulliana_AMNH_667996
A_fusca_hulliana_AMNH_667998
A_grandis_maliatae_AMNH_227566
A_magna_brevicauda_AMNH_301387
A_magna_brevicauda_AMNH_301392
A_magna_magna_AMNH_799751
A_magna_magna_ANSP_132423
A_metallica_circumscripta_AMNH_667337
A_metallica_inornata_AMNH_301389
A_metallica_inornata_ANSP_132416
A_metallica_purpureiceps_AMNH_334985
A_metallica_purpureiceps_YPM_86927
A_mysolensis_foresteni_YPM_75228
A_mysolensis_foresteni_YPM_75229
A_mysolensis_mysolensis_YPM_75218
A_mysolensis_mysolensis_YPM_75221
A_mystacea_AMNH_427395
A_mystacea_AMNH_427398
A_opaca_aenae_CRCM_91-123
A_opaca_aenae_CRCM_91-126
A_opaca_anga_YPM_24466
A_opaca_kurodai_MCZ_264254
A_opaca_kurodai_MCZ_264256
A_opaca_ponapensis_YPM_89129
A_opaca_ponapensis_YPM_89130
A_pelzelni_AMNH_331652
A_pelzelni_AMNH_331690
A_striata_atronitens_UMMZ_221919
A_striata_atronitens_UMMZ_221932
A_striata_striata_UMMZ_221914
A_zelandica_maxwelli_AMNH_216379
A_zelandica_maxwelli_AMNH_216381
A_zelandica_rufipennis_AMNH_214490
A_zelandica_rufipennis_YPM_40516
A_zelandica_rufipennis_YPM_40517
A_zelandica_zelandica_AMNH_214466
A_zelandica_zelandica_AMNH_216378
A_corvina_RMNH_90381
A_santovestris_NHMUK_1954.52.30
A_minor_minor_ANWC_B30007
A_minor_minor_ANWC_B30051
A_minor_minor_MCZ_194867
A_minor_montosa_MCZ_194864
A_minor_montosa_MCZ_194865
A_panayensis_affinis_MCZ_288429
A_panayensis_albiris_ROM_49160
A_panayensis_albiris_ROM_49162
A_panayensis_alipodis_MCZ_235892
A_panayensis_alipodis_MCZ_235973
A_panayensis_altirostris_AMNH_667591
A_panayensis_altirostris_MCZ_178179
A_panayensis_enganensis_USNM_180706
A_panayensis_enganensis_USNM_180707
A_panayensis_eustathis_USNM_182998
A_panayensis_eustathis_YPM_53961
A_panayensis_gusti_AMNH_667575
A_panayensis_gusti_AMNH_667577
A_panayensis_heterochlora_AMNH_667586
A_panayensis_leptorhyncha_AMNH_667596
A_panayensis_pini_ANSP_56947
A_panayensis_pachistorhina_USNM_486786
A_panayensis_pachistorhina_USNM_486787
A_panayensis_sanghirensis_AMNH_667692
A_panayensis_sanghirensis_ANSP_131050
A_panayensis_tytleri_AMNH_667518
A_panayensis_tytleri_AMNH_667522
A_tabuensis_brevirostris_KU_104101
A_tabuensis_fortunae_AMNH_253843
A_tabuensis_fortunae_AMNH_253848
A_tabuensis_manuae_KU_104088
A_tabuensis_manuae_KU_104089
A_tabuensis_nesiotes_AMNH_250749
A_tabuensis_nesiotes_AMNH_250750
A_tabuensis_pachyrhampha_AMNH_214452
A_tabuensis_pachyrhampha_AMNH_218484
A_tabuensis_rotumae_AMNH_253876
A_tabuensis_rotumae_AMNH_253881
A_tabuensis_tenebrosus_AMNH_250777
A_tabuensis_tenebrosus_AMNH_250794
A_tabuensis_tucopiae_AMNH_216384
A_tabuensis_tucopiae_AMNH_216385
A_tabuensis_tutuilae_KU_104082
A_tabuensis_tutuilae_KU_104083
